Protocollo;Gruppo;DataOraIncidente;Localizzazione1;STRADA1;Localizzazione2;STRADA2;Strada02;Chilometrica;DaSpecificare;NaturaIncidente;particolaritastrade;TipoStrada;FondoStradale;Pavimentazione;Segnaletica;CondizioneAtmosferica;Traffico;Visibilita;Illuminazione;NUM_FERITI;NUM_RISERVATA;NUM_MORTI;NUM_ILLESI;Longitudine;Latitudine;Confermato;Progressivo;TipoVeicolo;StatoVeicolo;TipoPersona;Sesso;Tipolesione;Deceduto;DecedutoDopo;CinturaCascoUtilizzato;Airbag
1694354;6;14/09/2006 17:20;Strada Urbana;VIA DI CENTOCELLE;in prossimità;;del civico n. ;110;;Scontro frontale fra veicoli in marcia;Curva senza visuale libera;Una carreggiata a senso unico di marcia;Bagnato (pioggia);Asfaltata;Assente;Pioggia in atto;Intenso;Sufficiente;Ore Diurne;2;0;0;3;;;-1;2;Autovettura privata;In marcia / fermata / arresto;Passeggero;F;Rimandato;0;NON DECEDUTO;Utilizzato;Inesistente
1694354;6;14/09/2006 17:20;Strada Urbana;VIA DI CENTOCELLE;in prossimità;;del civico n. ;110;;Scontro frontale fra veicoli in marcia;Curva senza visuale libera;Una carreggiata a senso unico di marcia;Bagnato (pioggia);Asfaltata;Assente;Pioggia in atto;Intenso;Sufficiente;Ore Diurne;2;0;0;3;;;-1;3;Autovettura privata;In marcia / fermata / arresto;Conducente;M;Illeso;0;;Non accertato;Inesistente
1694355;20;14/09/2006 11:10;Strada Urbana;VIA CARLO EMERY;da specificare;;;;"altezza stazione ""Centro RAI""";Veicolo in marcia contro veicolo fermo;Rettilineo;Una carreggiata a senso unico di marcia;Asciutto;Asfaltata;Verticale ed orizzontale;Nuvoloso;Normale;Sufficiente;Ore Diurne;0;0;0;2;;;-1;1;Autovettura privata;In marcia / fermata / arresto;Conducente;M;Illeso;0;;Non accertato;Inesistente
1694355;20;14/09/2006 11:10;Strada Urbana;VIA CARLO EMERY;da specificare;;;;"altezza stazione ""Centro RAI""";Veicolo in marcia contro veicolo fermo;Rettilineo;Una carreggiata a senso unico di marcia;Asciutto;Asfaltata;Verticale ed orizzontale;Nuvoloso;Normale;Sufficiente;Ore Diurne;0;0;0;2;;;-1;2;Autobus di linea;In marcia / fermata / arresto;Conducente;M;Illeso;0;;Non accertato;Inesistente
1694356;20;14/09/2006 15:15;Strada Urbana;VIA CASSIA;in corrispondenza;;del civico n. ;645;;Tamponamento Multiplo;Rettilineo;Una carreggiata a doppio senso;Bagnato (pioggia);Asfaltata;Verticale ed orizzontale;Pioggia in atto;Intenso;Buona;Ore Diurne;1;0;0;3;;;-1;1;Quadriciclo leggero;In marcia / fermata / arresto;Conducente;M;Rifiuta cure immediate;0;NON DECEDUTO;Non accertato;Inesistente
1694356;20;14/09/2006 15:15;Strada Urbana;VIA CASSIA;in corrispondenza;;del civico n. ;645;;Tamponamento Multiplo;Rettilineo;Una carreggiata a doppio senso;Bagnato (pioggia);Asfaltata;Verticale ed orizzontale;Pioggia in atto;Intenso;Buona;Ore Diurne;1;0;0;3;;;-1;2;Autovettura privata;In marcia / fermata / arresto;Conducente;F;Illeso;0;;Non accertato;Inesistente
1694356;20;14/09/2006 15:15;Strada Urbana;VIA CASSIA;in corrispondenza;;del civico n. ;645;;Tamponamento Multiplo;Rettilineo;Una carreggiata a doppio senso;Bagnato (pioggia);Asfaltata;Verticale ed orizzontale;Pioggia in atto;Intenso;Buona;Ore Diurne;1;0;0;3;;;-1;3;Autovettura privata;Allontanatosi;Conducente;M;Illeso;0;;Non accertato;Inesistente
1694356;20;14/09/2006 15:15;Strada Urbana;VIA CASSIA;in corrispondenza;;del civico n. ;645;;Tamponamento Multiplo;Rettilineo;Una carreggiata a doppio senso;Bagnato (pioggia);Asfaltata;Verticale ed orizzontale;Pioggia in atto;Intenso;Buona;Ore Diurne;1;0;0;3;;;-1;3;Autovettura privata;Allontanatosi;Passeggero;M;Illeso;0;;Non accertato;Inesistente
1694357;20;14/09/2006 15:20;Strada Urbana;VIA DELLA CAMILLUCCIA;all'intersezione con;LARGO OTTORINO RESPIGHI;LARGO OTTORINO RESPIGHI;;;Tamponamento;Incrocio;Una carreggiata a doppio senso;Bagnato (pioggia);Asfaltata;Verticale ed orizzontale;Pioggia in atto;Normale;Sufficiente;Ore Diurne;1;0;0;1;;;-1;1;Autovettura privata;In marcia / fermata / arresto;Conducente;M;Illeso;0;;Utilizzato;Inesistente
1694357;20;14/09/2006 15:20;Strada Urbana;VIA DELLA CAMILLUCCIA;all'intersezione con;LARGO OTTORINO RESPIGHI;LARGO OTTORINO RESPIGHI;;;Tamponamento;Incrocio;Una carreggiata a doppio senso;Bagnato (pioggia);Asfaltata;Verticale ed orizzontale;Pioggia in atto;Normale;Sufficiente;Ore Diurne;1;0;0;1;;;-1;2;Motociclo a solo;In marcia / fermata / arresto;Conducente;M;Rifiuta cure immediate;0;NON DECEDUTO;Utilizzato;Inesistente
1694358;20;14/09/2006 15:40;Strada Urbana;VIADOTTO GIUBILEO DEL 2000;da specificare;;;;direzione PRIMA PORTA;Scontro laterale fra veicoli in marcia;Curva a visuale libera;Due carreggiate;Bagnato (pioggia);Asfaltata;Orizzontale;Pioggia in atto;Normale;Buona;Ore Diurne;0;0;0;2;;;-1;1;Autogru;In marcia / fermata / arresto;Conducente;M;Illeso;0;;Non accertato;Inesistente
1694358;20;14/09/2006 15:40;Strada Urbana;VIADOTTO GIUBILEO DEL 2000;da specificare;;;;direzione PRIMA PORTA;Scontro laterale fra veicoli in marcia;Curva a visuale libera;Due carreggiate;Bagnato (pioggia);Asfaltata;Orizzontale;Pioggia in atto;Normale;Buona;Ore Diurne;0;0;0;2;;;-1;2;Autocarro inferiore 35 q.;In marcia / fermata / arresto;Conducente;M;Illeso;0;;Non accertato;Inesistente
1694359;20;14/09/2006 16:00;Strada Urbana;VIA DEI COLLI DELLA FARNESINA;in prossimità;;del civico n. ;216;;Scontro frontale/laterale SX fra veicoli in marcia;Cunetta;Una carreggiata a doppio senso;Bagnato (pioggia);Asfaltata;Verticale ed orizzontale;Pioggia in atto;Scarso;Sufficiente;Ore Diurne;1;0;0;2;;;-1;1;Autovettura privata;In marcia / fermata / arresto;Conducente;F;Illeso;0;;Utilizzato;Inesploso
1694359;20;14/09/2006 16:00;Strada Urbana;VIA DEI COLLI DELLA FARNESINA;in prossimità;;del civico n. ;216;;Scontro frontale/laterale SX fra veicoli in marcia;Cunetta;Una carreggiata a doppio senso;Bagnato (pioggia);Asfaltata;Verticale ed orizzontale;Pioggia in atto;Scarso;Sufficiente;Ore Diurne;1;0;0;2;;;-1;2;Autovettura privata;In marcia / fermata / arresto;Conducente;M;Rimandato;0;NON DECEDUTO;Utilizzato;Inesistente
1694359;20;14/09/2006 16:00;Strada Urbana;VIA DEI COLLI DELLA FARNESINA;in prossimità;;del civico n. ;216;;Scontro frontale/laterale SX fra veicoli in marcia;Cunetta;Una carreggiata a doppio senso;Bagnato (pioggia);Asfaltata;Verticale ed orizzontale;Pioggia in atto;Scarso;Sufficiente;Ore Diurne;1;0;0;2;;;-1;2;Autovettura privata;In marcia / fermata / arresto;Passeggero;F;Illeso;0;;Non accertato;Inesistente
1694360;20;14/09/2006 20:10;Strada Urbana;VIALE CORTINA D'AMPEZZO;in corrispondenza;;del civico n. ;170;;Veicolo in marcia contro ostacolo fisso;Curva senza visuale libera;Una carreggiata a doppio senso;Bagnato (umidità in atto);Asfaltata;Verticale ed orizzontale;Nuvoloso;Normale;Sufficiente;Sufficiente;0;0;0;1;;;-1;1;Motociclo a solo;In marcia / fermata / arresto;Conducente;M;Illeso;0;;Utilizzato;Inesistente
1694361;7;14/09/2006 14:50;Strada Urbana;VIALE PALMIRO TOGLIATTI;in corrispondenza;;del civico n. ;623;;Scontro laterale fra veicoli in marcia;Rettilineo;Una carreggiata a senso unico di marcia;Bagnato (pioggia);Asfaltata;Orizzontale;Pioggia in atto;Intenso;Buona;Ore Diurne;1;0;0;2;;;-1;1;Motociclo a solo;In marcia / fermata / arresto;Conducente;M;Illeso;0;;Non accertato;Inesistente
1694361;7;14/09/2006 14:50;Strada Urbana;VIALE PALMIRO TOGLIATTI;in corrispondenza;;del civico n. ;623;;Scontro laterale fra veicoli in marcia;Rettilineo;Una carreggiata a senso unico di marcia;Bagnato (pioggia);Asfaltata;Orizzontale;Pioggia in atto;Intenso;Buona;Ore Diurne;1;0;0;2;;;-1;2;Motociclo a solo;In marcia / fermata / arresto;Conducente;M;Rimandato;0;NON DECEDUTO;Non accertato;Inesistente
1694361;7;14/09/2006 14:50;Strada Urbana;VIALE PALMIRO TOGLIATTI;in corrispondenza;;del civico n. ;623;;Scontro laterale fra veicoli in marcia;Rettilineo;Una carreggiata a senso unico di marcia;Bagnato (pioggia);Asfaltata;Orizzontale;Pioggia in atto;Intenso;Buona;Ore Diurne;1;0;0;2;;;-1;3;Autovettura privata;In marcia / fermata / arresto;Conducente;M;Illeso;0;;Non accertato;Inesistente
1694362;7;14/09/2006 15:25;Strada Urbana;VIA PRENESTINA;in corrispondenza;;del civico n. ;944/C;;Tamponamento;Rettilineo;Una carreggiata a doppio senso;Bagnato (pioggia);Asfaltata;Assente;Pioggia in atto;Intenso;Buona;Ore Diurne;0;0;0;2;;;-1;1;Autocarro inferiore 35 q.;In marcia / fermata / arresto;Conducente;M;Illeso;0;;Non accertato;Inesistente
1694362;7;14/09/2006 15:25;Strada Urbana;VIA PRENESTINA;in corrispondenza;;del civico n. ;944/C;;Tamponamento;Rettilineo;Una carreggiata a doppio senso;Bagnato (pioggia);Asfaltata;Assente;Pioggia in atto;Intenso;Buona;Ore Diurne;0;0;0;2;;;-1;2;Autovettura privata;In marcia / fermata / arresto;Conducente;M;Illeso;0;;Non accertato;Inesistente
1694363;7;14/09/2006 16:20;Strada Urbana;VIA PAPIRIA;all'intersezione con;VIA CALPURNIO PISONE;VIA CALPURNIO PISONE;;;Scontro frontale/laterale SX fra veicoli in marcia;Incrocio;Una carreggiata a doppio senso;Bagnato (pioggia);Asfaltata;Verticale ed orizzontale;Pioggia in atto;Intenso;Buona;Ore Diurne;0;0;0;3;;;-1;1;Autovettura privata;In marcia / fermata / arresto;Conducente;F;Illeso;0;;Utilizzato;Inesistente
1694363;7;14/09/2006 16:20;Strada Urbana;VIA PAPIRIA;all'intersezione con;VIA CALPURNIO PISONE;VIA CALPURNIO PISONE;;;Scontro frontale/laterale SX fra veicoli in marcia;Incrocio;Una carreggiata a doppio senso;Bagnato (pioggia);Asfaltata;Verticale ed orizzontale;Pioggia in atto;Intenso;Buona;Ore Diurne;0;0;0;3;;;-1;1;Autovettura privata;In marcia / fermata / arresto;Passeggero;F;Illeso;0;;Utilizzato;Inesistente
1694363;7;14/09/2006 16:20;Strada Urbana;VIA PAPIRIA;all'intersezione con;VIA CALPURNIO PISONE;VIA CALPURNIO PISONE;;;Scontro frontale/laterale SX fra veicoli in marcia;Incrocio;Una carreggiata a doppio senso;Bagnato (pioggia);Asfaltata;Verticale ed orizzontale;Pioggia in atto;Intenso;Buona;Ore Diurne;0;0;0;3;;;-1;2;Motociclo a solo;In marcia / fermata / arresto;Conducente;M;Illeso;0;;Non accertato;Inesistente
1694364;7;14/09/2006 17:25;Strada Urbana;VIA PRENESTINA;all'intersezione con;VIA MANFREDONIA;VIA MANFREDONIA;;;Tamponamento Multiplo;Incrocio;Una carreggiata a doppio senso;Bagnato (pioggia);Asfaltata;Orizzontale;Pioggia in atto;Intenso;Buona;Ore Diurne;0;0;0;5;;;-1;1;Autovettura privata;In marcia / fermata / arresto;Conducente;M;Illeso;0;;Non accertato;Inesistente
1694364;7;14/09/2006 17:25;Strada Urbana;VIA PRENESTINA;all'intersezione con;VIA MANFREDONIA;VIA MANFREDONIA;;;Tamponamento Multiplo;Incrocio;Una carreggiata a doppio senso;Bagnato (pioggia);Asfaltata;Orizzontale;Pioggia in atto;Intenso;Buona;Ore Diurne;0;0;0;5;;;-1;2;Autovettura privata;In marcia / fermata / arresto;Conducente;M;Illeso;0;;Non accertato;Inesistente
1694364;7;14/09/2006 17:25;Strada Urbana;VIA PRENESTINA;all'intersezione con;VIA MANFREDONIA;VIA MANFREDONIA;;;Tamponamento Multiplo;Incrocio;Una carreggiata a doppio senso;Bagnato (pioggia);Asfaltata;Orizzontale;Pioggia in atto;Intenso;Buona;Ore Diurne;0;0;0;5;;;-1;3;Autovettura privata;In marcia / fermata / arresto;Conducente;M;Illeso;0;;Non accertato;Inesistente
1694364;7;14/09/2006 17:25;Strada Urbana;VIA PRENESTINA;all'intersezione con;VIA MANFREDONIA;VIA MANFREDONIA;;;Tamponamento Multiplo;Incrocio;Una carreggiata a doppio senso;Bagnato (pioggia);Asfaltata;Orizzontale;Pioggia in atto;Intenso;Buona;Ore Diurne;0;0;0;5;;;-1;4;Autovettura privata;In marcia / fermata / arresto;Conducente;F;Illeso;0;;Non accertato;Inesistente
1694364;7;14/09/2006 17:25;Strada Urbana;VIA PRENESTINA;all'intersezione con;VIA MANFREDONIA;VIA MANFREDONIA;;;Tamponamento Multiplo;Incrocio;Una carreggiata a doppio senso;Bagnato (pioggia);Asfaltata;Orizzontale;Pioggia in atto;Intenso;Buona;Ore Diurne;0;0;0;5;;;-1;4;Autovettura privata;In marcia / fermata / arresto;Passeggero;F;Illeso;0;;Non accertato;Inesistente
1694365;7;14/09/2006 19:15;Strada Urbana;VIA DI TOR SAPIENZA;in corrispondenza;;del civico n. ;2A;;Investimento di pedone;Rettilineo;Una carreggiata a doppio senso;Bagnato (pioggia);Asfaltata;Orizzontale;Pioggia in atto;Intenso;Sufficiente;Sufficiente;0;0;0;2;;;-1;;;;Pedone;F;Illeso;0;;;
1694365;7;14/09/2006 19:15;Strada Urbana;VIA DI TOR SAPIENZA;in corrispondenza;;del civico n. ;2A;;Investimento di pedone;Rettilineo;Una carreggiata a doppio senso;Bagnato (pioggia);Asfaltata;Orizzontale;Pioggia in atto;Intenso;Sufficiente;Sufficiente;0;0;0;2;;;-1;1;Autovettura privata;In marcia / fermata / arresto;Conducente;F;Illeso;0;;Non accertato;Inesploso
1694366;7;15/09/2006 00:20;Strada Urbana;VIA CASTELVETRANO;all'intersezione con;VIA GIARRE;VIA GIARRE;;;Scontro frontale/laterale DX fra veicoli in marcia;Intersezione stradale segnalata;Una carreggiata a senso unico di marcia;Bagnato (pioggia);Asfaltata;Verticale ed orizzontale;Pioggia in atto;Scarso;Sufficiente;Sufficiente;2;0;0;0;;;-1;1;Autovettura privata;In marcia / fermata / arresto;Conducente;M;Rimandato;0;NON DECEDUTO;Non accertato;Inesistente
1694366;7;15/09/2006 00:20;Strada Urbana;VIA CASTELVETRANO;all'intersezione con;VIA GIARRE;VIA GIARRE;;;Scontro frontale/laterale DX fra veicoli in marcia;Intersezione stradale segnalata;Una carreggiata a senso unico di marcia;Bagnato (pioggia);Asfaltata;Verticale ed orizzontale;Pioggia in atto;Scarso;Sufficiente;Sufficiente;2;0;0;0;;;-1;2;Autovettura privata;In marcia / fermata / arresto;Conducente;M;Rimandato;0;NON DECEDUTO;Non accertato;Esploso
1694367;8;13/09/2006 07:30;Provinciale entro l'abitato;VIA DI PRATAPORCI;all'intersezione con;VIA DI VALLE MORTA;VIA DI VALLE MORTA;;;Tamponamento;Incrocio;Una carreggiata a doppio senso;Asciutto;Asfaltata;Assente;Sereno;Scarso;Sufficiente;Ore Diurne;1;0;0;1;;;-1;1;Autovettura privata;In marcia / fermata / arresto;Conducente;F;Illeso;0;;Non accertato;Inesploso
1694367;8;13/09/2006 07:30;Provinciale entro l'abitato;VIA DI PRATAPORCI;all'intersezione con;VIA DI VALLE MORTA;VIA DI VALLE MORTA;;;Tamponamento;Incrocio;Una carreggiata a doppio senso;Asciutto;Asfaltata;Assente;Sereno;Scarso;Sufficiente;Ore Diurne;1;0;0;1;;;-1;2;Autovettura privata;In marcia / fermata / arresto;Conducente;F;Rimandato;0;NON DECEDUTO;Non accertato;Inesistente
1694368;8;13/09/2006 09:40;Statale entro l'abitato;VIA CASILINA;in prossimità;;del civico n. ;1676;;Scontro laterale fra veicoli in marcia;Rettilineo;Una carreggiata a doppio senso;Asciutto;Asfaltata;Orizzontale;Sereno;Intenso;Buona;Ore Diurne;0;0;0;3;;;-1;1;Autovettura privata;In marcia / fermata / arresto;Conducente;F;Illeso;0;;Non accertato;Inesploso
1694368;8;13/09/2006 09:40;Statale entro l'abitato;VIA CASILINA;in prossimità;;del civico n. ;1676;;Scontro laterale fra veicoli in marcia;Rettilineo;Una carreggiata a doppio senso;Asciutto;Asfaltata;Orizzontale;Sereno;Intenso;Buona;Ore Diurne;0;0;0;3;;;-1;2;Autocarro inferiore 35 q.;In marcia / fermata / arresto;Conducente;M;Illeso;0;;Non accertato;Inesploso
1694368;8;13/09/2006 09:40;Statale entro l'abitato;VIA CASILINA;in prossimità;;del civico n. ;1676;;Scontro laterale fra veicoli in marcia;Rettilineo;Una carreggiata a doppio senso;Asciutto;Asfaltata;Orizzontale;Sereno;Intenso;Buona;Ore Diurne;0;0;0;3;;;-1;3;Autocarro superiore 35 q.;In marcia / fermata / arresto;Conducente;M;Illeso;0;;Esente;Inesistente
1694369;8;13/09/2006 12:20;Strada Urbana;VIALE DELLA SORBONA;all'intersezione con;VIA STANFORD;VIA STANFORD;;;Tamponamento;Incrocio;Due carreggiate;Asciutto;Asfaltata;Verticale ed orizzontale;Sereno;Normale;Sufficiente;Ore Diurne;1;0;0;0;;;-1;1;Autovettura privata;In marcia / fermata / arresto;Conducente;M;Rimandato;0;NON DECEDUTO;Non accertato;Inesistente
1694370;8;13/09/2006 14:45;Strada Urbana;VIALE OXFORD;da specificare;;;;interno parcheggio PTV;Tamponamento;Rettilineo;Una carreggiata a senso unico di marcia;Asciutto;Asfaltata;Verticale ed orizzontale;Sereno;Normale;Sufficiente;Ore Diurne;1;0;0;1;;;-1;1;Autovettura privata;In marcia / fermata / arresto;Conducente;F;Rimandato;0;NON DECEDUTO;Non accertato;Inesistente
1694370;8;13/09/2006 14:45;Strada Urbana;VIALE OXFORD;da specificare;;;;interno parcheggio PTV;Tamponamento;Rettilineo;Una carreggiata a senso unico di marcia;Asciutto;Asfaltata;Verticale ed orizzontale;Sereno;Normale;Sufficiente;Ore Diurne;1;0;0;1;;;-1;2;Autovettura privata;In marcia / fermata / arresto;Conducente;F;Illeso;0;;Non accertato;Inesistente
1694371;8;13/09/2006 18:05;Provinciale entro l'abitato;VIA PRENESTINA;all'intersezione con;VIA ALIFE;VIA ALIFE;;;Scontro frontale/laterale SX fra veicoli in marcia;Incrocio;Una carreggiata a doppio senso;Asciutto;Asfaltata;Verticale ed orizzontale;Sereno;Normale;Sufficiente;Ore Diurne;1;0;0;2;;;-1;1;Autovettura privata;In marcia / fermata / arresto;Conducente;F;Illeso;0;;Non accertato;Inesploso
1694371;8;13/09/2006 18:05;Provinciale entro l'abitato;VIA PRENESTINA;all'intersezione con;VIA ALIFE;VIA ALIFE;;;Scontro frontale/laterale SX fra veicoli in marcia;Incrocio;Una carreggiata a doppio senso;Asciutto;Asfaltata;Verticale ed orizzontale;Sereno;Normale;Sufficiente;Ore Diurne;1;0;0;2;;;-1;2;Motociclo a solo;In marcia / fermata / arresto;Conducente;M;Illeso;0;;Non accertato;Inesistente
1694371;8;13/09/2006 18:05;Provinciale entro l'abitato;VIA PRENESTINA;all'intersezione con;VIA ALIFE;VIA ALIFE;;;Scontro frontale/laterale SX fra veicoli in marcia;Incrocio;Una carreggiata a doppio senso;Asciutto;Asfaltata;Verticale ed orizzontale;Sereno;Normale;Sufficiente;Ore Diurne;1;0;0;2;;;-1;2;Motociclo a solo;In marcia / fermata / arresto;Passeggero;F;Rimandato;0;NON DECEDUTO;Non accertato;Inesistente
1694372;8;14/09/2006 06:30;Strada Urbana;VIALE DEI ROMANISTI;all'intersezione semaforizzata con;VIA PIETRO ROMANO;VIA PIETRO ROMANO;;;Scontro frontale/laterale DX fra veicoli in marcia;Incrocio;Una carreggiata a senso unico di marcia;Asciutto;Asfaltata;Verticale ed orizzontale;Sereno;Scarso;Buona;Ore Diurne;0;0;0;2;;;-1;1;Autovettura privata;In marcia / fermata / arresto;Conducente;M;Illeso;0;;Non accertato;Inesploso
1694372;8;14/09/2006 06:30;Strada Urbana;VIALE DEI ROMANISTI;all'intersezione semaforizzata con;VIA PIETRO ROMANO;VIA PIETRO ROMANO;;;Scontro frontale/laterale DX fra veicoli in marcia;Incrocio;Una carreggiata a senso unico di marcia;Asciutto;Asfaltata;Verticale ed orizzontale;Sereno;Scarso;Buona;Ore Diurne;0;0;0;2;;;-1;2;Autovettura privata;In marcia / fermata / arresto;Conducente;F;Illeso;0;;Non accertato;Inesistente
1694373;8;14/09/2006 08:30;Strada Urbana;VIA SELLIA;da specificare;;;;ALTEZZA VIA MALITO ;Veicolo in marcia contro ostacolo accidentale;Rettilineo;Una carreggiata a doppio senso;Asciutto;Con buche;Verticale;Nuvoloso;Scarso;Buona;Ore Diurne;1;0;0;0;;;-1;1;Autovettura privata;In marcia / fermata / arresto;Conducente;F;Rifiuta cure immediate;0;NON DECEDUTO;Non accertato;Esploso
1694374;8;14/09/2006 09:45;Strada Urbana;VIA CASILINA;all'intersezione con;VIA DI TORRENOVA;VIA DI TORRENOVA;;;Scontro laterale fra veicoli in marcia;Incrocio;Una carreggiata a doppio senso;Asciutto;Asfaltata;Verticale ed orizzontale;Nuvoloso;Normale;Buona;Ore Diurne;0;0;0;2;;;-1;1;Autovettura privata;In marcia / fermata / arresto;Conducente;F;Illeso;0;;Non accertato;Inesploso
1694374;8;14/09/2006 09:45;Strada Urbana;VIA CASILINA;all'intersezione con;VIA DI TORRENOVA;VIA DI TORRENOVA;;;Scontro laterale fra veicoli in marcia;Incrocio;Una carreggiata a doppio senso;Asciutto;Asfaltata;Verticale ed orizzontale;Nuvoloso;Normale;Buona;Ore Diurne;0;0;0;2;;;-1;2;Autovettura privata;In marcia / fermata / arresto;Conducente;M;Illeso;0;;Non accertato;Inesploso
1694375;8;14/09/2006 12:50;Strada Urbana;VIA AVOLA;in prossimità;;del civico n. ;77;;Veicolo in marcia contro veicolo fermo;Rettilineo;Una carreggiata a doppio senso;Asciutto;Asfaltata;Assente;Sereno;Scarso;Buona;Ore Diurne;0;0;0;3;;;-1;1;Autovettura privata;In marcia / fermata / arresto;Conducente;M;Illeso;0;;Non accertato;Inesploso
1694375;8;14/09/2006 12:50;Strada Urbana;VIA AVOLA;in prossimità;;del civico n. ;77;;Veicolo in marcia contro veicolo fermo;Rettilineo;Una carreggiata a doppio senso;Asciutto;Asfaltata;Assente;Sereno;Scarso;Buona;Ore Diurne;0;0;0;3;;;-1;2;Autovettura privata;In marcia / fermata / arresto;Conducente;F;Illeso;0;;Non accertato;Inesploso
1694375;8;14/09/2006 12:50;Strada Urbana;VIA AVOLA;in prossimità;;del civico n. ;77;;Veicolo in marcia contro veicolo fermo;Rettilineo;Una carreggiata a doppio senso;Asciutto;Asfaltata;Assente;Sereno;Scarso;Buona;Ore Diurne;0;0;0;3;;;-1;2;Autovettura privata;In marcia / fermata / arresto;Passeggero;F;Illeso;0;;Non accertato;Inesistente
1694376;8;14/09/2006 13:30;Strada Urbana;VIA DON PRIMO MAZZOLARI;all'intersezione con;VIA BERTA VON SUTTNER;VIA BERTA VON SUTTNER;;;Veicolo in marcia contro ostacolo fisso;Incrocio;Una carreggiata a doppio senso;Asciutto;Asfaltata;Verticale ed orizzontale;Nuvoloso;Normale;Sufficiente;Ore Diurne;2;0;0;0;;;-1;1;Ciclomotore;In marcia / fermata / arresto;Conducente;M;Rimandato;0;NON DECEDUTO;Non accertato;Inesistente
1694376;8;14/09/2006 13:30;Strada Urbana;VIA DON PRIMO MAZZOLARI;all'intersezione con;VIA BERTA VON SUTTNER;VIA BERTA VON SUTTNER;;;Veicolo in marcia contro ostacolo fisso;Incrocio;Una carreggiata a doppio senso;Asciutto;Asfaltata;Verticale ed orizzontale;Nuvoloso;Normale;Sufficiente;Ore Diurne;2;0;0;0;;;-1;1;Ciclomotore;In marcia / fermata / arresto;Passeggero;M;Rifiuta cure immediate;0;NON DECEDUTO;Non accertato;Inesistente
1694377;8;14/09/2006 14:15;Strada Urbana;VIA PIETRO SOMMARIVA;all'intersezione con;VIALE DEI ROMANISTI;VIALE DEI ROMANISTI;;;Tamponamento Multiplo;Incrocio;Una carreggiata a doppio senso;Asciutto;Asfaltata;Orizzontale;Sereno;Normale;Buona;Ore Diurne;1;0;0;2;;;-1;1;Autovettura privata;In marcia / fermata / arresto;Conducente;F;Rimandato;0;NON DECEDUTO;Non accertato;Inesploso
1694377;8;14/09/2006 14:15;Strada Urbana;VIA PIETRO SOMMARIVA;all'intersezione con;VIALE DEI ROMANISTI;VIALE DEI ROMANISTI;;;Tamponamento Multiplo;Incrocio;Una carreggiata a doppio senso;Asciutto;Asfaltata;Orizzontale;Sereno;Normale;Buona;Ore Diurne;1;0;0;2;;;-1;2;Autovettura privata;In marcia / fermata / arresto;Conducente;M;Illeso;0;;Non accertato;Inesploso
1694377;8;14/09/2006 14:15;Strada Urbana;VIA PIETRO SOMMARIVA;all'intersezione con;VIALE DEI ROMANISTI;VIALE DEI ROMANISTI;;;Tamponamento Multiplo;Incrocio;Una carreggiata a doppio senso;Asciutto;Asfaltata;Orizzontale;Sereno;Normale;Buona;Ore Diurne;1;0;0;2;;;-1;3;Autocarro superiore 35 q.;In marcia / fermata / arresto;Conducente;M;Illeso;0;;Non accertato;Inesistente
1694378;8;14/09/2006 15:30;Strada Urbana;VIALE DELLE TERME DI CARACALLA;in corrispondenza;;del civico n. ;1;;Scontro laterale fra veicoli in marcia;Rettilineo;Due carreggiate;Bagnato (pioggia);Asfaltata;Assente;Pioggia in atto;Normale;Sufficiente;Ore Diurne;1;0;0;1;;;-1;1;Motociclo a solo;In marcia / fermata / arresto;Conducente;M;Rifiuta cure immediate;0;NON DECEDUTO;Non accertato;Inesistente
1694378;8;14/09/2006 15:30;Strada Urbana;VIALE DELLE TERME DI CARACALLA;in corrispondenza;;del civico n. ;1;;Scontro laterale fra veicoli in marcia;Rettilineo;Due carreggiate;Bagnato (pioggia);Asfaltata;Assente;Pioggia in atto;Normale;Sufficiente;Ore Diurne;1;0;0;1;;;-1;2;Autovettura privata;In marcia / fermata / arresto;Conducente;F;Illeso;0;;Utilizzato;Inesploso
1694379;8;14/09/2006 16:10;Strada Urbana;VIA LAERTE;in prossimità;;del palo luce n. ;87;;Scontro frontale/laterale SX fra veicoli in marcia;Curva senza visuale libera;Una carreggiata a doppio senso;Bagnato (pioggia);Asfaltata;Assente;Nuvoloso;Scarso;Buona;Ore Diurne;0;0;0;2;;;-1;1;Autovettura privata;In marcia / fermata / arresto;Conducente;M;Illeso;0;;Non accertato;Inesistente
1694379;8;14/09/2006 16:10;Strada Urbana;VIA LAERTE;in prossimità;;del palo luce n. ;87;;Scontro frontale/laterale SX fra veicoli in marcia;Curva senza visuale libera;Una carreggiata a doppio senso;Bagnato (pioggia);Asfaltata;Assente;Nuvoloso;Scarso;Buona;Ore Diurne;0;0;0;2;;;-1;2;Autovettura privata;In marcia / fermata / arresto;Conducente;M;Illeso;0;;Non accertato;Inesistente
1694380;8;14/09/2006 17:15;Strada Urbana;VIA DI TOR BELLA MONACA;all'intersezione con;VIA CALIMERA;VIA CALIMERA;;;Scontro frontale/laterale SX fra veicoli in marcia;Incrocio;Una carreggiata a senso unico di marcia;Bagnato (pioggia);Asfaltata;Verticale ed orizzontale;Pioggia in atto;Normale;Sufficiente;Ore Diurne;0;0;0;2;;;-1;1;Autovettura privata;In marcia / fermata / arresto;Conducente;M;Illeso;0;;Non accertato;Esploso