Protocollo;Gruppo;DataOraIncidente;Localizzazione1;STRADA1;Localizzazione2;STRADA2;Strada02;Chilometrica;DaSpecificare;NaturaIncidente;particolaritastrade;TipoStrada;FondoStradale;Pavimentazione;Segnaletica;CondizioneAtmosferica;Traffico;Visibilita;Illuminazione;NUM_FERITI;NUM_RISERVATA;NUM_MORTI;NUM_ILLESI;Longitudine;Latitudine;Confermato;Progressivo;TipoVeicolo;StatoVeicolo;TipoPersona;Sesso;Tipolesione;Deceduto;DecedutoDopo;CinturaCascoUtilizzato;Airbag
1694883;19;18/09/2006 21:00;Strada Urbana;VIA OTTAVIO ASSAROTTI;all'intersezione con;VIA ARISTIDE GABELLI;VIA ARISTIDE GABELLI;;;Scontro laterale fra veicoli in marcia;Incrocio;Una carreggiata a senso unico di marcia;Bagnato (umidità in atto);Asfaltata;Verticale;Nuvoloso;Normale;Sufficiente;Sufficiente;1;0;0;2;;;-1;2;Autovettura privata;In marcia / fermata / arresto;Conducente;M;Illeso;0;;Utilizzato;Inesistente
1694883;19;18/09/2006 21:00;Strada Urbana;VIA OTTAVIO ASSAROTTI;all'intersezione con;VIA ARISTIDE GABELLI;VIA ARISTIDE GABELLI;;;Scontro laterale fra veicoli in marcia;Incrocio;Una carreggiata a senso unico di marcia;Bagnato (umidità in atto);Asfaltata;Verticale;Nuvoloso;Normale;Sufficiente;Sufficiente;1;0;0;2;;;-1;2;Autovettura privata;In marcia / fermata / arresto;Passeggero;F;Rimandato;0;NON DECEDUTO;Utilizzato;Inesistente
1694884;20;13/09/2006 13:30;Comunale extraurbana;VIA TRIONFALE;in corrispondenza;;del civico n. ;12840;;Scontro frontale/laterale SX fra veicoli in marcia;Rettilineo;Una carreggiata a doppio senso;Asciutto;Asfaltata;Orizzontale;Sereno;Scarso;Buona;Ore Diurne;1;0;0;1;;;-1;1;Autocarro inferiore 35 q.;In marcia / fermata / arresto;Conducente;M;Illeso;0;;Non accertato;Inesploso
1694884;20;13/09/2006 13:30;Comunale extraurbana;VIA TRIONFALE;in corrispondenza;;del civico n. ;12840;;Scontro frontale/laterale SX fra veicoli in marcia;Rettilineo;Una carreggiata a doppio senso;Asciutto;Asfaltata;Orizzontale;Sereno;Scarso;Buona;Ore Diurne;1;0;0;1;;;-1;2;Motociclo a solo;In marcia / fermata / arresto;Conducente;M;Rimandato;0;NON DECEDUTO;Non accertato;Inesistente
1694885;20;15/09/2006 07:45;Strada Urbana;VIA DELLA STAZIONE DI CESANO;in corrispondenza;;della chilometrica ;0,8;;Scontro frontale/laterale SX fra veicoli in marcia;Rettilineo;Una carreggiata a doppio senso;Bagnato (pioggia);Asfaltata;Verticale;Pioggia in atto;Scarso;Sufficiente;Ore Diurne;0;0;0;2;;;-1;1;Autocarro inferiore 35 q.;In marcia / fermata / arresto;Conducente;M;Illeso;0;;Non accertato;Inesistente
1694885;20;15/09/2006 07:45;Strada Urbana;VIA DELLA STAZIONE DI CESANO;in corrispondenza;;della chilometrica ;0,8;;Scontro frontale/laterale SX fra veicoli in marcia;Rettilineo;Una carreggiata a doppio senso;Bagnato (pioggia);Asfaltata;Verticale;Pioggia in atto;Scarso;Sufficiente;Ore Diurne;0;0;0;2;;;-1;2;Autocarro inferiore 35 q.;In marcia / fermata / arresto;Conducente;M;Illeso;0;;Non accertato;Inesistente
1694886;20;16/09/2006 09:20;Provinciale;VIA BRACCIANENSE;in corrispondenza;;della chilometrica ;5,6;;Tamponamento;Curva a visuale libera;Una carreggiata a doppio senso;Asciutto;Asfaltata;Verticale ed orizzontale;Nuvoloso;Normale;Buona;Ore Diurne;0;0;0;2;;;-1;1;Autovettura privata;In marcia / fermata / arresto;Conducente;M;Illeso;0;;Non accertato;Inesploso
1694886;20;16/09/2006 09:20;Provinciale;VIA BRACCIANENSE;in corrispondenza;;della chilometrica ;5,6;;Tamponamento;Curva a visuale libera;Una carreggiata a doppio senso;Asciutto;Asfaltata;Verticale ed orizzontale;Nuvoloso;Normale;Buona;Ore Diurne;0;0;0;2;;;-1;2;Autovettura privata;In marcia / fermata / arresto;Conducente;M;Illeso;0;;Non accertato;Inesistente
1694887;20;06/09/2006 16:00;Statale;VIA FLAMINIA;in prossimità;;del civico n. ;867;;Veicolo in marcia contro veicolo fermo;Curva a visuale libera;Due carreggiate;Bagnato (pioggia);Asfaltata;Verticale ed orizzontale;Pioggia in atto;Normale;Sufficiente;Ore Diurne;0;0;0;1;;;-1;1;Autovettura privata;In marcia / fermata / arresto;Conducente;M;Illeso;0;;Non accertato;Inesistente
1694888;20;16/09/2006 16:30;Strada Urbana;VIALE ANTONINO DI SAN GIULIANO;da specificare;;;;nella galleria per giovanni XXIII;Ribaltamento senza urto contro ostacolo fisso;Galleria illuminata;Una carreggiata a senso unico di marcia;Bagnato (umidità in atto);Asfaltata;Verticale ed orizzontale;Pioggia in atto;Scarso;Sufficiente;Ore Diurne;1;0;0;0;;;-1;1;Motociclo a solo;In marcia / fermata / arresto;Conducente;M;Ricoverato;0;NON DECEDUTO;Non accertato;Inesistente
1694889;20;16/09/2006 23:40;Strada Urbana;VIA DELLA GIUSTINIANA;in prossimità;;del civico n. ;877;;Scontro frontale/laterale SX fra veicoli in marcia;Cunetta;Una carreggiata a doppio senso;Bagnato (pioggia);Asfaltata;Orizzontale;Pioggia in atto;Scarso;Sufficiente;Inesistente;0;0;0;3;;;-1;1;Autovettura privata;In marcia / fermata / arresto;Conducente;M;Illeso;0;;Non accertato;Inesistente
1694889;20;16/09/2006 23:40;Strada Urbana;VIA DELLA GIUSTINIANA;in prossimità;;del civico n. ;877;;Scontro frontale/laterale SX fra veicoli in marcia;Cunetta;Una carreggiata a doppio senso;Bagnato (pioggia);Asfaltata;Orizzontale;Pioggia in atto;Scarso;Sufficiente;Inesistente;0;0;0;3;;;-1;1;Autovettura privata;In marcia / fermata / arresto;Passeggero;M;Illeso;0;;Non accertato;Inesploso
1694889;20;16/09/2006 23:40;Strada Urbana;VIA DELLA GIUSTINIANA;in prossimità;;del civico n. ;877;;Scontro frontale/laterale SX fra veicoli in marcia;Cunetta;Una carreggiata a doppio senso;Bagnato (pioggia);Asfaltata;Orizzontale;Pioggia in atto;Scarso;Sufficiente;Inesistente;0;0;0;3;;;-1;2;Autovettura privata;In marcia / fermata / arresto;Conducente;F;Illeso;0;;Non accertato;Inesistente
1694891;20;17/09/2006 05:40;Strada Urbana;VIALE DI TOR DI QUINTO;da specificare;;;;in prossimità rampa Flaminia;Tamponamento;Rettilineo;Una carreggiata a senso unico di marcia;Bagnato (pioggia);Asfaltata;Verticale ed orizzontale;Pioggia in atto;Scarso;Sufficiente;Ore Diurne;0;0;0;6;;;-1;1;Autovettura privata;In marcia / fermata / arresto;Conducente;M;Illeso;0;;Non accertato;Inesistente
1694891;20;17/09/2006 05:40;Strada Urbana;VIALE DI TOR DI QUINTO;da specificare;;;;in prossimità rampa Flaminia;Tamponamento;Rettilineo;Una carreggiata a senso unico di marcia;Bagnato (pioggia);Asfaltata;Verticale ed orizzontale;Pioggia in atto;Scarso;Sufficiente;Ore Diurne;0;0;0;6;;;-1;1;Autovettura privata;In marcia / fermata / arresto;Passeggero;M;Illeso;0;;Non accertato;Inesistente
1694891;20;17/09/2006 05:40;Strada Urbana;VIALE DI TOR DI QUINTO;da specificare;;;;in prossimità rampa Flaminia;Tamponamento;Rettilineo;Una carreggiata a senso unico di marcia;Bagnato (pioggia);Asfaltata;Verticale ed orizzontale;Pioggia in atto;Scarso;Sufficiente;Ore Diurne;0;0;0;6;;;-1;1;Autovettura privata;In marcia / fermata / arresto;Passeggero;M;Illeso;0;;Non accertato;Inesistente
1694891;20;17/09/2006 05:40;Strada Urbana;VIALE DI TOR DI QUINTO;da specificare;;;;in prossimità rampa Flaminia;Tamponamento;Rettilineo;Una carreggiata a senso unico di marcia;Bagnato (pioggia);Asfaltata;Verticale ed orizzontale;Pioggia in atto;Scarso;Sufficiente;Ore Diurne;0;0;0;6;;;-1;1;Autovettura privata;In marcia / fermata / arresto;Passeggero;M;Illeso;0;;Non accertato;Inesistente
1694891;20;17/09/2006 05:40;Strada Urbana;VIALE DI TOR DI QUINTO;da specificare;;;;in prossimità rampa Flaminia;Tamponamento;Rettilineo;Una carreggiata a senso unico di marcia;Bagnato (pioggia);Asfaltata;Verticale ed orizzontale;Pioggia in atto;Scarso;Sufficiente;Ore Diurne;0;0;0;6;;;-1;2;Autovettura privata;In marcia / fermata / arresto;Conducente;F;Illeso;0;;Non accertato;Inesistente
1694891;20;17/09/2006 05:40;Strada Urbana;VIALE DI TOR DI QUINTO;da specificare;;;;in prossimità rampa Flaminia;Tamponamento;Rettilineo;Una carreggiata a senso unico di marcia;Bagnato (pioggia);Asfaltata;Verticale ed orizzontale;Pioggia in atto;Scarso;Sufficiente;Ore Diurne;0;0;0;6;;;-1;2;Autovettura privata;In marcia / fermata / arresto;Passeggero;M;Illeso;0;;Non accertato;Inesistente
1694892;20;17/09/2006 10:30;Statale entro l'abitato;VIA CASSIA;in prossimità;;del civico n. ;611;;Scontro laterale fra veicoli in marcia;Rettilineo;Una carreggiata a doppio senso;Bagnato (pioggia);Asfaltata;Verticale ed orizzontale;Pioggia in atto;Scarso;Buona;Ore Diurne;0;0;0;2;;;-1;1;Autovettura privata;In marcia / fermata / arresto;Conducente;F;Illeso;0;;Utilizzato;Inesistente
1694892;20;17/09/2006 10:30;Statale entro l'abitato;VIA CASSIA;in prossimità;;del civico n. ;611;;Scontro laterale fra veicoli in marcia;Rettilineo;Una carreggiata a doppio senso;Bagnato (pioggia);Asfaltata;Verticale ed orizzontale;Pioggia in atto;Scarso;Buona;Ore Diurne;0;0;0;2;;;-1;2;Autovettura privata;In marcia / fermata / arresto;Conducente;F;Illeso;0;;Non accertato;Inesistente
1694893;20;17/09/2006 11:40;Statale entro l'abitato;VIA CASSIA;in corrispondenza;;del civico n. ;1712;;Scontro laterale fra veicoli in marcia;Rettilineo;Una carreggiata a doppio senso;Bagnato (pioggia);Asfaltata;Verticale ed orizzontale;Pioggia in atto;Intenso;Sufficiente;Ore Diurne;0;0;0;4;;;-1;1;Motociclo a solo;In marcia / fermata / arresto;Conducente;M;Illeso;0;;Utilizzato;Inesistente
1694893;20;17/09/2006 11:40;Statale entro l'abitato;VIA CASSIA;in corrispondenza;;del civico n. ;1712;;Scontro laterale fra veicoli in marcia;Rettilineo;Una carreggiata a doppio senso;Bagnato (pioggia);Asfaltata;Verticale ed orizzontale;Pioggia in atto;Intenso;Sufficiente;Ore Diurne;0;0;0;4;;;-1;2;Autovettura privata;In marcia / fermata / arresto;Conducente;M;Illeso;0;;Utilizzato;Inesploso
1694893;20;17/09/2006 11:40;Statale entro l'abitato;VIA CASSIA;in corrispondenza;;del civico n. ;1712;;Scontro laterale fra veicoli in marcia;Rettilineo;Una carreggiata a doppio senso;Bagnato (pioggia);Asfaltata;Verticale ed orizzontale;Pioggia in atto;Intenso;Sufficiente;Ore Diurne;0;0;0;4;;;-1;2;Autovettura privata;In marcia / fermata / arresto;Passeggero;F;Illeso;0;;Non accertato;Inesploso
1694893;20;17/09/2006 11:40;Statale entro l'abitato;VIA CASSIA;in corrispondenza;;del civico n. ;1712;;Scontro laterale fra veicoli in marcia;Rettilineo;Una carreggiata a doppio senso;Bagnato (pioggia);Asfaltata;Verticale ed orizzontale;Pioggia in atto;Intenso;Sufficiente;Ore Diurne;0;0;0;4;;;-1;3;Autobus di linea;In marcia / fermata / arresto;Conducente;M;Illeso;0;;Esente;Inesploso
1694894;20;17/09/2006 12:30;Statale entro l'abitato;VIA CASSIA;da specificare;;;;in prossimità di via Barbarano Romano;Veicolo in marcia contro ostacolo accidentale;Rettilineo;Una carreggiata a doppio senso;Bagnato (pioggia);Asfaltata;Verticale ed orizzontale;Pioggia in atto;Normale;Buona;Ore Diurne;0;0;0;2;;;-1;1;Autovettura privata;In marcia / fermata / arresto;Conducente;M;Illeso;0;;Non accertato;Inesploso
1694894;20;17/09/2006 12:30;Statale entro l'abitato;VIA CASSIA;da specificare;;;;in prossimità di via Barbarano Romano;Veicolo in marcia contro ostacolo accidentale;Rettilineo;Una carreggiata a doppio senso;Bagnato (pioggia);Asfaltata;Verticale ed orizzontale;Pioggia in atto;Normale;Buona;Ore Diurne;0;0;0;2;;;-1;1;Autovettura privata;In marcia / fermata / arresto;Passeggero;M;Illeso;0;;Non accertato;Inesistente
1694895;20;17/09/2006 15:00;Statale entro l'abitato;VIA FLAMINIA;in corrispondenza;;del civico n. ;867;;Veicolo in marcia contro ostacolo fisso;Curva a visuale libera;Due carreggiate;Bagnato (umidità in atto);Asfaltata;Verticale ed orizzontale;Nuvoloso;Normale;Buona;Ore Diurne;0;0;0;1;;;-1;1;Autovettura privata;In marcia / fermata / arresto;Conducente;M;Illeso;0;;Non accertato;Inesploso
1694896;20;17/09/2006 16:45;Strada Urbana;VIA FLAMINIA NUOVA;in prossimità;;del civico n. ;290;;Tamponamento;Curva a visuale libera;Una carreggiata a doppio senso;Bagnato (pioggia);Asfaltata;Verticale ed orizzontale;Pioggia in atto;Normale;Sufficiente;Ore Diurne;0;0;0;7;;;-1;0;Autovettura privata;In marcia / fermata / arresto;Conducente;M;Illeso;0;;Non accertato;Inesistente
1694896;20;17/09/2006 16:45;Strada Urbana;VIA FLAMINIA NUOVA;in prossimità;;del civico n. ;290;;Tamponamento;Curva a visuale libera;Una carreggiata a doppio senso;Bagnato (pioggia);Asfaltata;Verticale ed orizzontale;Pioggia in atto;Normale;Sufficiente;Ore Diurne;0;0;0;7;;;-1;0;Autovettura privata;In marcia / fermata / arresto;Passeggero;F;Illeso;0;;Non accertato;Inesistente
1694896;20;17/09/2006 16:45;Strada Urbana;VIA FLAMINIA NUOVA;in prossimità;;del civico n. ;290;;Tamponamento;Curva a visuale libera;Una carreggiata a doppio senso;Bagnato (pioggia);Asfaltata;Verticale ed orizzontale;Pioggia in atto;Normale;Sufficiente;Ore Diurne;0;0;0;7;;;-1;2;Autovettura privata;In marcia / fermata / arresto;Conducente;M;Illeso;0;;Non accertato;Inesploso
1694896;20;17/09/2006 16:45;Strada Urbana;VIA FLAMINIA NUOVA;in prossimità;;del civico n. ;290;;Tamponamento;Curva a visuale libera;Una carreggiata a doppio senso;Bagnato (pioggia);Asfaltata;Verticale ed orizzontale;Pioggia in atto;Normale;Sufficiente;Ore Diurne;0;0;0;7;;;-1;2;Autovettura privata;In marcia / fermata / arresto;Passeggero;F;Illeso;0;;Non accertato;Inesploso
1694896;20;17/09/2006 16:45;Strada Urbana;VIA FLAMINIA NUOVA;in prossimità;;del civico n. ;290;;Tamponamento;Curva a visuale libera;Una carreggiata a doppio senso;Bagnato (pioggia);Asfaltata;Verticale ed orizzontale;Pioggia in atto;Normale;Sufficiente;Ore Diurne;0;0;0;7;;;-1;2;Autovettura privata;In marcia / fermata / arresto;Passeggero;F;Illeso;0;;Non accertato;Inesistente
1694896;20;17/09/2006 16:45;Strada Urbana;VIA FLAMINIA NUOVA;in prossimità;;del civico n. ;290;;Tamponamento;Curva a visuale libera;Una carreggiata a doppio senso;Bagnato (pioggia);Asfaltata;Verticale ed orizzontale;Pioggia in atto;Normale;Sufficiente;Ore Diurne;0;0;0;7;;;-1;2;Autovettura privata;In marcia / fermata / arresto;Passeggero;F;Illeso;0;;Non accertato;Inesistente
1694896;20;17/09/2006 16:45;Strada Urbana;VIA FLAMINIA NUOVA;in prossimità;;del civico n. ;290;;Tamponamento;Curva a visuale libera;Una carreggiata a doppio senso;Bagnato (pioggia);Asfaltata;Verticale ed orizzontale;Pioggia in atto;Normale;Sufficiente;Ore Diurne;0;0;0;7;;;-1;2;Autovettura privata;In marcia / fermata / arresto;Passeggero;M;Illeso;0;;Non accertato;Inesistente
1694898;20;17/09/2006 23:20;Statale entro l'abitato;VIA FLAMINIA;all'intersezione con;VIA GIROLAMO BOCCARDO;VIA GIROLAMO BOCCARDO;;;Scontro laterale fra veicoli in marcia;Intersezione non regolata/non segnalata;Una carreggiata a doppio senso;Bagnato (umidità in atto);Asfaltata;Verticale ed orizzontale;Nuvoloso;Scarso;Sufficiente;Sufficiente;0;0;0;4;;;-1;1;Autovettura privata;In marcia / fermata / arresto;Conducente;F;Illeso;0;;Non accertato;Inesploso
1694898;20;17/09/2006 23:20;Statale entro l'abitato;VIA FLAMINIA;all'intersezione con;VIA GIROLAMO BOCCARDO;VIA GIROLAMO BOCCARDO;;;Scontro laterale fra veicoli in marcia;Intersezione non regolata/non segnalata;Una carreggiata a doppio senso;Bagnato (umidità in atto);Asfaltata;Verticale ed orizzontale;Nuvoloso;Scarso;Sufficiente;Sufficiente;0;0;0;4;;;-1;1;Autovettura privata;In marcia / fermata / arresto;Passeggero;M;Illeso;0;;Non accertato;Inesploso
1694898;20;17/09/2006 23:20;Statale entro l'abitato;VIA FLAMINIA;all'intersezione con;VIA GIROLAMO BOCCARDO;VIA GIROLAMO BOCCARDO;;;Scontro laterale fra veicoli in marcia;Intersezione non regolata/non segnalata;Una carreggiata a doppio senso;Bagnato (umidità in atto);Asfaltata;Verticale ed orizzontale;Nuvoloso;Scarso;Sufficiente;Sufficiente;0;0;0;4;;;-1;1;Autovettura privata;In marcia / fermata / arresto;Passeggero;M;Illeso;0;;Non accertato;Inesploso
1694898;20;17/09/2006 23:20;Statale entro l'abitato;VIA FLAMINIA;all'intersezione con;VIA GIROLAMO BOCCARDO;VIA GIROLAMO BOCCARDO;;;Scontro laterale fra veicoli in marcia;Intersezione non regolata/non segnalata;Una carreggiata a doppio senso;Bagnato (umidità in atto);Asfaltata;Verticale ed orizzontale;Nuvoloso;Scarso;Sufficiente;Sufficiente;0;0;0;4;;;-1;2;Autovettura privata;In marcia / fermata / arresto;Conducente;M;Illeso;0;;Non accertato;Inesploso
1694899;20;18/09/2006 08:00;Strada Urbana;VIA CARLO EMERY;all'intersezione con;VIA SALVATORE LO BIANCO;VIA SALVATORE LO BIANCO;;;Veicolo in marcia contro veicolo in sosta;Incrocio;Una carreggiata a senso unico di marcia;Asciutto;Asfaltata;Verticale ed orizzontale;Sereno;Normale;Buona;Ore Diurne;0;0;0;1;;;-1;1;Autobus urbano;In marcia / fermata / arresto;Conducente;M;Illeso;0;;Esente;Inesistente
1694900;20;18/09/2006 08:45;Statale entro l'abitato;VIA CASSIA;in corrispondenza;;del civico n. ;1110;;Scontro frontale/laterale SX fra veicoli in marcia;Rettilineo;Una carreggiata a doppio senso;Asciutto;Asfaltata;Orizzontale;Sereno;Intenso;Buona;Ore Diurne;2;0;0;1;;;-1;1;Autocarro inferiore 35 q.;In marcia / fermata / arresto;Conducente;M;Illeso;0;;Non accertato;Inesistente
1694900;20;18/09/2006 08:45;Statale entro l'abitato;VIA CASSIA;in corrispondenza;;del civico n. ;1110;;Scontro frontale/laterale SX fra veicoli in marcia;Rettilineo;Una carreggiata a doppio senso;Asciutto;Asfaltata;Orizzontale;Sereno;Intenso;Buona;Ore Diurne;2;0;0;1;;;-1;2;Motociclo con passeggero;In marcia / fermata / arresto;Conducente;M;Rimandato;0;NON DECEDUTO;Non accertato;Inesistente
1694900;20;18/09/2006 08:45;Statale entro l'abitato;VIA CASSIA;in corrispondenza;;del civico n. ;1110;;Scontro frontale/laterale SX fra veicoli in marcia;Rettilineo;Una carreggiata a doppio senso;Asciutto;Asfaltata;Orizzontale;Sereno;Intenso;Buona;Ore Diurne;2;0;0;1;;;-1;2;Motociclo con passeggero;In marcia / fermata / arresto;Passeggero;M;Rifiuta cure immediate;0;NON DECEDUTO;Non accertato;Inesistente
1694901;20;18/09/2006 11:55;Strada Urbana;VIA CITTA' DI CASTELLO;all'intersezione con;VIA FLAMINIA;VIA FLAMINIA;;;Veicolo in marcia contro veicolo in sosta;Incrocio;Una carreggiata a senso unico di marcia;Asciutto;Asfaltata;Verticale ed orizzontale;Sereno;Normale;Buona;Ore Diurne;0;0;0;1;;;-1;2;Autovettura privata;In marcia / fermata / arresto;Conducente;M;Illeso;0;;Non accertato;Inesistente
1694902;20;18/09/2006 14:10;Strada Urbana;VIA CASSIA NUOVA;in prossimità;;del civico n. ;60;;Tamponamento;Rettilineo;Due carreggiate;Bagnato (umidità in atto);Asfaltata;Verticale;Nuvoloso;Normale;Sufficiente;Ore Diurne;1;0;0;3;;;-1;1;Autovettura di polizia;In marcia / fermata / arresto;Conducente;M;Illeso;0;;Non accertato;Inesploso
1694902;20;18/09/2006 14:10;Strada Urbana;VIA CASSIA NUOVA;in prossimità;;del civico n. ;60;;Tamponamento;Rettilineo;Due carreggiate;Bagnato (umidità in atto);Asfaltata;Verticale;Nuvoloso;Normale;Sufficiente;Ore Diurne;1;0;0;3;;;-1;1;Autovettura di polizia;In marcia / fermata / arresto;Passeggero;M;Illeso;0;;Non accertato;Inesistente
1694902;20;18/09/2006 14:10;Strada Urbana;VIA CASSIA NUOVA;in prossimità;;del civico n. ;60;;Tamponamento;Rettilineo;Due carreggiate;Bagnato (umidità in atto);Asfaltata;Verticale;Nuvoloso;Normale;Sufficiente;Ore Diurne;1;0;0;3;;;-1;1;Autovettura di polizia;In marcia / fermata / arresto;Passeggero;M;Illeso;0;;Non utilizzato;Inesistente
1694902;20;18/09/2006 14:10;Strada Urbana;VIA CASSIA NUOVA;in prossimità;;del civico n. ;60;;Tamponamento;Rettilineo;Due carreggiate;Bagnato (umidità in atto);Asfaltata;Verticale;Nuvoloso;Normale;Sufficiente;Ore Diurne;1;0;0;3;;;-1;2;Motociclo a solo;In marcia / fermata / arresto;Conducente;M;Rimandato;0;NON DECEDUTO;Non accertato;Inesistente
1694903;20;18/09/2006 15:45;Provinciale entro l'abitato;VIA TIBERINA;in corrispondenza;;del civico n. ;159;;Scontro frontale/laterale SX fra veicoli in marcia;Curva a visuale libera;Una carreggiata a doppio senso;Asciutto;Asfaltata;Verticale ed orizzontale;Nuvoloso;Normale;Buona;Ore Diurne;1;0;0;1;;;-1;1;Autocarro superiore 35 q.;In marcia / fermata / arresto;Conducente;M;Illeso;0;;Non accertato;Inesistente
1694903;20;18/09/2006 15:45;Provinciale entro l'abitato;VIA TIBERINA;in corrispondenza;;del civico n. ;159;;Scontro frontale/laterale SX fra veicoli in marcia;Curva a visuale libera;Una carreggiata a doppio senso;Asciutto;Asfaltata;Verticale ed orizzontale;Nuvoloso;Normale;Buona;Ore Diurne;1;0;0;1;;;-1;2;Autovettura privata;In marcia / fermata / arresto;Conducente;F;Rimandato;0;NON DECEDUTO;Non accertato;Inesistente
1694904;20;18/09/2006 15:45;Strada Urbana;VIALE MAURIZIO BARENDSON;da specificare;;;;svincolo via Flaminia;Scontro frontale/laterale DX fra veicoli in marcia;Rettilineo;Una carreggiata a doppio senso;Bagnato (pioggia);Asfaltata;Verticale ed orizzontale;Nuvoloso;Scarso;Buona;Ore Diurne;1;0;0;2;;;-1;1;Autovettura privata;In marcia / fermata / arresto;Conducente;M;Rimandato;0;NON DECEDUTO;Non accertato;Inesistente
1694904;20;18/09/2006 15:45;Strada Urbana;VIALE MAURIZIO BARENDSON;da specificare;;;;svincolo via Flaminia;Scontro frontale/laterale DX fra veicoli in marcia;Rettilineo;Una carreggiata a doppio senso;Bagnato (pioggia);Asfaltata;Verticale ed orizzontale;Nuvoloso;Scarso;Buona;Ore Diurne;1;0;0;2;;;-1;2;Autovettura privata;In marcia / fermata / arresto;Conducente;M;Illeso;0;;Non accertato;Inesistente
1694904;20;18/09/2006 15:45;Strada Urbana;VIALE MAURIZIO BARENDSON;da specificare;;;;svincolo via Flaminia;Scontro frontale/laterale DX fra veicoli in marcia;Rettilineo;Una carreggiata a doppio senso;Bagnato (pioggia);Asfaltata;Verticale ed orizzontale;Nuvoloso;Scarso;Buona;Ore Diurne;1;0;0;2;;;-1;2;Autovettura privata;In marcia / fermata / arresto;Passeggero;M;Illeso;0;;Non accertato;Inesistente
1694906;20;18/09/2006 17:15;Strada Urbana;VIA DI VALLE MURICANA;all'intersezione con;VIA SESTO CALENDE;VIA SESTO CALENDE;;;Scontro laterale fra veicoli in marcia;Intersezione non regolata/non segnalata;Una carreggiata a doppio senso;Bagnato (pioggia);Asfaltata;Orizzontale;Pioggia in atto;Normale;Sufficiente;Ore Diurne;0;0;0;2;;;-1;1;Autocarro inferiore 35 q.;In marcia / fermata / arresto;Conducente;M;Illeso;0;;Non accertato;Inesistente
1694906;20;18/09/2006 17:15;Strada Urbana;VIA DI VALLE MURICANA;all'intersezione con;VIA SESTO CALENDE;VIA SESTO CALENDE;;;Scontro laterale fra veicoli in marcia;Intersezione non regolata/non segnalata;Una carreggiata a doppio senso;Bagnato (pioggia);Asfaltata;Orizzontale;Pioggia in atto;Normale;Sufficiente;Ore Diurne;0;0;0;2;;;-1;2;Autovettura privata;In marcia / fermata / arresto;Conducente;F;Illeso;0;;Non accertato;Inesploso
1694907;23;18/09/2006 07:30;Strada Urbana;VIA CRISTOFORO COLOMBO;all'intersezione semaforizzata con;VIA LIDO DI CASTEL PORZIANO;VIA LIDO DI CASTEL PORZIANO;;;Scontro laterale fra veicoli in marcia;Incrocio;Più di due carreggiate;Bagnato (pioggia);Asfaltata;Verticale ed orizzontale;Sereno;Normale;Buona;Ore Diurne;1;0;0;1;;;-1;1;Autovettura privata;In marcia / fermata / arresto;Conducente;M;Rimandato;0;NON DECEDUTO;Utilizzato;Esploso
1694907;23;18/09/2006 07:30;Strada Urbana;VIA CRISTOFORO COLOMBO;all'intersezione semaforizzata con;VIA LIDO DI CASTEL PORZIANO;VIA LIDO DI CASTEL PORZIANO;;;Scontro laterale fra veicoli in marcia;Incrocio;Più di due carreggiate;Bagnato (pioggia);Asfaltata;Verticale ed orizzontale;Sereno;Normale;Buona;Ore Diurne;1;0;0;1;;;-1;2;Autocarro inferiore 35 q.;In marcia / fermata / arresto;Conducente;M;Illeso;0;;Utilizzato;Inesploso
1694908;1;14/09/2006 01:40;Strada Urbana;PIAZZA DELL'ESQUILINO;all'intersezione semaforizzata con;VIA CAVOUR;VIA CAVOUR;;;Scontro frontale/laterale SX fra veicoli in marcia;Intersezione semaforizzata;Una carreggiata a doppio senso;Asciutto;Asfaltata;Verticale ed orizzontale;Sereno;Scarso;Sufficiente;Sufficiente;1;0;0;3;;;-1;1;Autovettura privata;In marcia / fermata / arresto;Conducente;M;Illeso;0;;Non accertato;Inesistente
1694908;1;14/09/2006 01:40;Strada Urbana;PIAZZA DELL'ESQUILINO;all'intersezione semaforizzata con;VIA CAVOUR;VIA CAVOUR;;;Scontro frontale/laterale SX fra veicoli in marcia;Intersezione semaforizzata;Una carreggiata a doppio senso;Asciutto;Asfaltata;Verticale ed orizzontale;Sereno;Scarso;Sufficiente;Sufficiente;1;0;0;3;;;-1;2;Autovettura pubblica;In marcia / fermata / arresto;Conducente;M;Rimandato;0;NON DECEDUTO;Non accertato;Inesistente
1694908;1;14/09/2006 01:40;Strada Urbana;PIAZZA DELL'ESQUILINO;all'intersezione semaforizzata con;VIA CAVOUR;VIA CAVOUR;;;Scontro frontale/laterale SX fra veicoli in marcia;Intersezione semaforizzata;Una carreggiata a doppio senso;Asciutto;Asfaltata;Verticale ed orizzontale;Sereno;Scarso;Sufficiente;Sufficiente;1;0;0;3;;;-1;2;Autovettura pubblica;In marcia / fermata / arresto;Passeggero;M;Illeso;0;;Non accertato;Inesistente